id,prompt
1,"Write an essay of 800–1000 words in clear, formal English responding to the following question:
""How should societies balance the rapid advancement of artificial intelligence with the preservation of human values, creativity, and employment?""
Your essay should:
Present a clear thesis and logically structured argument.


Consider multiple perspectives, including ethical, economic, and cultural implications.


Reference historical or contemporary examples where appropriate.


Conclude with a reasoned proposal or prediction for the next 10–20 years.


You may use any style of argumentation (analytical, persuasive, reflective, etc.), but maintain a coherent academic tone. Avoid bullet points — write in continuous prose."
2,"Write a 500-750 word essay on the following topic:
""The Double-Edged Sword of Connectivity: How Modern Technology Has Transformed Human Relationships""
In your essay, you should:
Present a clear thesis statement about whether increased digital connectivity has been primarily beneficial or detrimental to human relationships, or argue for a nuanced middle position
Provide at least 2-3 specific examples or pieces of evidence to support your argument (these can include personal observations, hypothetical scenarios, or general social trends)
Address at least one counterargument to your position and explain why your view is more compelling
Organize your essay with a clear introduction, body paragraphs, and conclusion
Use a formal academic tone appropriate for a college-level essay
Your essay will be evaluated on the clarity of your argument, the quality of your supporting evidence, logical organization, and writing style."
3,"Topic: The Impact of Artificial Intelligence on Human Creativity
Instructions:
Write an essay of 800–1200 words discussing the topic above.
Your essay should:
Present a clear thesis statement.
Include at least three well-developed arguments supported by reasoning, examples, or evidence.
Address potential counterarguments or limitations.
End with a thoughtful conclusion that reflects on future implications.
Maintain a formal academic tone and ensure logical flow between paragraphs.
Avoid plagiarism and cite any external sources in a simple format (e.g., “According to [Author, Year]…”).
Do not use bullet points; write in full paragraphs."
4,"You are an expert academic essay writer. Your sole task is to generate a complete, argumentative essay based on the topic and constraints provided below.
Topic: The ethical implications of ubiquitous facial recognition technology in public spaces.
Stance: The essay must argue that while facial recognition technology offers security benefits, the unchecked proliferation of its use fundamentally compromises core civil liberties and requires stringent governmental regulation.
Length Constraint: The essay should be 500-750 words.
Required Structure and Word Allocation:
Introduction: Introduce the debate, define facial recognition, and clearly state the central thesis (the essay's argument).
Body Paragraph 1: Utility vs. Privacy: Discuss the claimed benefits (e.g., counter-terrorism, efficiency) but immediately pivot to the concerns regarding continuous, non-consensual surveillance.
Body Paragraph 2: Scope and Function Creep: Analyze the risk of """"function creep,"""" where technology developed for one purpose is expanded to social or political monitoring, leading to a chilling effect on free assembly.
Body Paragraph 3: Bias and Inaccuracy: Address the technical flaws, such as bias against certain demographics, and the ethical issues arising from misidentification and false positives.
Conclusion: Synthesize the main points and offer a final, firm statement supporting the need for regulatory restraint and protection of democratic norms.
Style and Constraints:
Tone: Maintain a formal, objective, and academic register.
Persona: Write from a neutral, authoritative third-person perspective. Do not use first-person (I, we, my) or second-person (you) pronouns.
External Data/Tools: DO NOT use any external search tools, grounding, or citations. Use only internal knowledge to construct the argument."
5,"In the next 700–1,200 words, write an essay discussing how rapid advances in artificial intelligence are reshaping human work, education, and creativity. Consider both the opportunities and challenges these changes create. Support your points with historical parallels, examples from current technology, and potential future outcomes. Your essay should have a clear thesis, logical progression of ideas, and a concluding reflection on what ethical priorities humans should adopt in guiding AI development.
Optional Style Variation: “You may choose to write from a formal, analytical, or narrative perspective, but maintain coherence and depth of thought.”"
